track_name,artist(s)_name,artist_count,released_year,released_month,released_day,in_spotify_playlists,in_spotify_charts,streams,in_apple_playlists,in_apple_charts,in_deezer_playlists,in_deezer_charts,in_shazam_charts,bpm,key,mode,danceability_%,valence_%,energy_%,acousticness_%,instrumentalness_%,liveness_%,speechiness_%
Take On Me,a-ha,1,1984,10,19,44927,17,1479115056,34,0,"5,108",6,0,84,F#,Minor,57,86,90,2,0,9,5
Rumble,"Skrillex, Flowdan, Fred again..",3,2022,1,17,2849,0,78489819,39,45,27,0,1,140,C#,Minor,81,6,84,5,23,6,6
NEW MAGIC WAND,"Tyler, The Creator",2,2019,5,16,4708,0,461437791,13,7,55,0,1,140,F,Minor,62,46,73,10,0,67,11
Falling,Harry Styles,1,2019,12,13,7556,0,1023187129,124,24,254,0,8,110,E,Major,57,6,27,84,0,9,3
Pepas,Farruko,1,2021,6,24,14114,17,1309887447,252,109,965,20,,130,G,Major,76,44,77,1,0,13,3
Arcade,Duncan Laurence,1,2019,3,7,6646,0,991336132,107,47,584,1,,72,A,Minor,45,27,33,82,0,14,4
Yet To Come,BTS,1,2022,6,10,829,0,302006641,32,110,26,0,0,172,C#,Major,56,68,89,4,0,33,19
MONEY,Lisa,1,2021,9,10,2566,13,863625566,44,109,131,0,,140,C#,Minor,83,40,55,16,0,14,23
California Breeze,Lil Baby,1,2022,10,14,991,0,85559365,36,38,13,0,3,162,F,Minor,74,22,67,0,0,11,46
ýýýýýýýýýýýý,YOASOBI,1,2023,4,12,356,16,143573775,35,102,8,1,117,166,C#,Major,57,84,94,11,0,37,9
Abcdario,"Junior H, Eden Muï¿½ï",2,2023,5,13,262,5,89933133,8,60,4,1,109,129,G#,Major,70,42,43,78,0,11,3
After LIKE,IVE,1,2022,8,22,767,12,265548837,20,129,11,0,12,125,,Major,68,80,92,10,0,9,12
cardigan,Taylor Swift,1,2020,7,24,7923,29,812019557,106,112,142,4,215,130,,Minor,61,53,58,55,0,27,4
Un Coco,Bad Bunny,1,2022,5,6,1029,28,403231558,5,28,9,0,0,152,B,Major,84,74,69,21,0,18,6
BREAK MY SOUL,Beyoncï¿,1,2022,6,21,9724,0,354614964,222,61,259,14,2,115,C#,Minor,70,87,88,4,0,26,8
Here With Me,d4vd,1,2022,7,17,3246,23,635412045,94,85,68,1,84,132,E,Major,58,27,48,50,0,12,3
Midnight Rain,Taylor Swift,1,2022,10,21,2612,4,433356509,19,29,21,0,0,140,,Major,64,18,37,72,0,12,7
Nobody Gets Me,SZA,1,2022,12,9,2536,6,284908316,59,100,58,13,2,100,G,Major,36,28,28,81,0,18,3
Dandelions,Ruth B.,1,2017,4,28,3423,21,1116995633,41,100,59,1,32,117,C#,Major,61,45,69,2,0,9,3
MIDDLE OF THE NIGHT,Elley Duhï¿,1,2020,1,10,4057,8,872137015,78,21,240,1,52,186,E,Minor,41,9,61,2,0,12,5
Merry Christmas Everyone,Shakin' Stevens,1,1984,1,1,1087,0,351636786,90,35,5,0,0,101,C#,Minor,72,91,87,14,0,13,3
Conceited,SZA,1,2022,12,9,899,0,56870689,2,14,2,0,0,150,C#,Major,79,77,46,5,0,11,7
Feliz Navidad,Josï¿½ï¿½ Felic,1,1970,11,1,3788,0,520034544,21,3,10,0,0,148,D,Major,50,96,82,47,0,34,4
Antidepresan,"Mabel Matiz, Mert Demir",2,2022,11,4,313,2,136689549,10,6,7,1,9,100,B,Minor,70,92,59,3,0,10,3
"Peso Pluma: Bzrp Music Sessions, Vol. 55","Bizarrap, Peso Pluma",2,2023,5,31,1313,40,200647221,17,152,32,11,139,133,F,Minor,85,81,67,26,0,12,5
I'm Not Here To Make Friends,"Sam Smith, Calvin Harris, Jessie Reyez",3,2023,1,27,1890,0,103787664,86,1,49,0,9,115,,Major,70,84,90,17,0,41,6
Beggin,Mï¿½ï¿½ne,1,2017,12,8,8559,0,1367810478,183,64,964,9,75,134,B,Minor,71,59,80,13,0,36,5
Spin Bout U,"Drake, 21 Savage",2,2022,11,4,1652,2,198365537,26,52,10,0,95,130,G,Major,77,20,70,1,0,16,5
Ain't Shit,Doja Cat,1,2021,6,25,3436,0,499710590,32,6,46,0,1,124,D#,Major,86,62,49,51,0,35,21
Rush,Troye Sivan,1,2023,7,13,864,78,22581161,71,135,50,1,294,126,F,Minor,74,35,84,0,0,11,6
Cool for the Summer,Demi Lovato,1,2015,1,1,9243,0,677389855,155,5,577,0,6,114,F,Minor,59,30,62,1,0,8,4
Dance Monkey,Tones and I,1,2019,5,10,24529,0,2864791672,533,167,"3,595",6,,98,F#,Minor,82,54,59,69,0,18,10
LLYLM,ROSALï¿½,1,2023,1,27,1838,0,124988687,105,41,114,1,59,170,F#,Minor,56,56,63,13,0,19,27
Happy Xmas (War Is Over),"John Lennon, The Harlem Community Choir, The Plastic Ono Band, Yoko Ono",4,1971,12,1,10829,0,460492795,130,1,390,0,0,147,D,Major,33,39,61,32,0,77,3
People,Libianca,1,2022,12,2,3506,56,373199958,105,64,169,8,529,198,A#,Minor,59,71,42,55,0,10,7
Trance (with Travis Scott & Young Thug),"Travis Scott, Young Thug, Metro Boomin",3,2022,12,2,1682,46,276259178,24,90,30,1,176,119,C#,Minor,75,48,53,18,0,18,34
Only Love Can Hurt Like This,Paloma Faith,1,2014,1,1,5148,0,588955257,90,22,365,0,114,91,G#,Major,57,30,89,10,0,33,8
Romantic Homicide,d4vd,1,2022,7,20,2335,23,681583126,82,55,50,0,9,132,F#,Major,56,20,55,45,1,32,3
Vegas (From the Original Motion Picture Soundtrack ELVIS),Doja Cat,1,2022,5,6,4576,0,448500832,79,13,93,0,17,160,G#,Minor,80,74,60,8,0,14,26
Dos Mil 16,Bad Bunny,1,2022,5,6,892,3,338422004,10,24,11,0,0,130,C#,Major,82,50,67,12,0,13,5
TQM,Fuerza Regida,1,2023,5,19,584,28,176553476,16,159,15,6,100,125,F,Minor,79,96,85,27,0,11,6
Tormenta (feat. Bad Bunny),"Gorillaz, Bad Bunny",2,2023,2,24,1529,0,149778242,32,18,39,2,0,95,,Major,64,30,77,46,0,38,6
Lucid Dreams,Juice WRLD,1,2017,6,15,14749,0,2288695111,188,34,710,0,5,84,B,Minor,44,22,48,38,0,33,24
Yonaguni,Bad Bunny,1,2021,6,4,9644,28,1260594497,120,86,164,4,0,180,C#,Major,64,44,65,28,0,14,12
Someone You Loved,Lewis Capaldi,1,2018,11,8,17836,53,2887241814,440,125,"1,800",0,,110,C#,Major,50,45,41,75,0,11,3
Atlantis,Seafret,1,2015,4,22,3045,6,571386359,43,53,134,1,32,166,G#,Minor,40,23,48,5,0,12,3
FLOWER,JISOO,1,2023,3,31,839,18,232896922,20,110,20,0,69,124,A,Minor,84,64,39,3,0,11,4
Never Felt So Alone,Labrinth,1,2023,4,7,1730,3,117747907,46,5,51,0,20,98,F,Major,44,36,41,50,0,38,5
BABY HELLO,"Rauw Alejandro, Bizarrap",2,2023,6,23,1004,35,54266102,42,80,58,3,169,130,C#,Minor,77,84,89,17,0,43,5
Sure Thing,Miguel,1,2010,5,25,13801,19,950906471,137,125,435,6,285,81,B,Minor,68,51,60,3,0,19,10
Mas Rica Que Ayer,"Mambo Kingz, DJ Luian, Anuel Aa",3,2023,3,2,1208,34,146409671,10,41,20,0,1,94,B,Major,82,53,67,34,0,9,8
Say Yes To Heaven,Lana Del Rey,1,2023,3,17,2000,46,127567540,49,105,63,1,0,100,F#,Minor,49,17,35,71,9,11,3
No Se Va,Grupo Frontera,1,2022,4,28,924,18,404887295,17,80,22,9,38,173,,Major,59,69,53,12,0,23,3
STAR WALKIN' (League of Legends Worlds Anthem),Lil Nas X,1,2022,9,22,2616,0,332506354,113,17,208,0,192,142,D,Minor,64,31,72,15,0,9,5
Praise God,Kanye West,1,2021,8,29,4651,0,376333030,24,6,105,0,0,118,C#,Major,80,21,55,1,0,26,17
Wild Flower (with youjeen),RM,1,2022,12,2,353,2,135611421,2,74,14,0,2,155,G#,Major,49,42,77,3,0,12,9
Rosa Pastel,"Jasiel Nuï¿½ï¿½ez, Peso P",2,2023,2,2,200,4,90025258,8,77,2,1,1,123,G,Minor,70,86,68,24,0,11,4
SPIT IN MY FACE!,ThxSoMch,1,2022,10,31,573,0,301869854,1,0,18,0,24,166,C#,Major,70,57,57,9,20,11,7
Don't You Worry,"David Guetta, Shakira, Black Eyed Peas",3,2022,6,16,2442,0,240918092,81,4,248,1,6,132,B,Major,82,49,88,20,0,21,3
Cupid ï¿½ï¿½ï¿½ Twin Ver. (FIFTY FIFTY) ï¿½ï¿½ï¿½ Spe,sped up 8282,1,1997,1,1,472,2,103762518,0,0,6,0,0,144,F,Major,74,75,73,42,0,9,4
El Rescate,"Grupo Marca Registrada, Junior H",2,2022,7,22,527,4,287278853,10,43,3,1,0,99,G,Minor,79,64,59,28,0,11,14
Attention,NewJeans,1,2022,8,1,799,12,264717480,14,141,9,0,1,105,A#,Minor,81,70,65,24,0,8,4
Layla,"Schï¿½ï¿½rze, DJ R",2,2022,3,24,832,3,130419412,18,124,24,1,0,140,F,Minor,44,41,92,0,0,44,7
That's Hilarious,Charlie Puth,1,2022,4,8,686,2,146363130,11,6,12,0,15,108,F#,Major,71,55,44,74,0,11,6
Ditto,NewJeans,1,2022,12,19,1154,22,397582059,28,125,11,1,51,134,F#,Minor,81,18,64,3,0,10,11
BESO,"Rauw Alejandro, ROSALï¿½",2,2023,3,24,4053,50,357925728,82,121,182,12,171,95,F,Minor,77,53,64,74,0,17,14
ULTRA SOLO,"Polima WestCoast, Pailita",2,2022,2,14,1367,0,307752576,48,4,34,1,0,110,C#,Major,80,26,85,23,0,11,21
Fim de Semana no Rio,teto,1,2022,3,30,315,2,139193812,27,2,31,0,0,119,C#,Minor,87,28,50,12,0,10,10
Knife Talk (with 21 Savage ft. Project Pat),"Drake, Project Pat, 21 Savage",3,2021,9,3,5199,0,594482982,45,43,45,0,3,146,F,Minor,85,22,37,13,0,7,30
Something in the Orange,Zach Bryan,1,2022,4,22,3282,12,449701773,67,84,46,16,117,110,G,Major,59,22,38,42,0,12,3
Nostï¿½ï¿½l,"Chris Brown, Rvssian, Rauw Alejandro",3,2021,9,8,2780,2,436695353,86,76,59,0,16,98,A,Minor,73,60,85,17,0,24,5
Love Language,SZA,1,2022,12,9,1127,0,110849052,16,63,8,0,0,65,A,Minor,71,55,26,85,0,13,8
Makeba,Jain,1,2015,6,22,6060,53,165484133,150,148,"2,703",22,"1,451",116,D,Major,82,40,66,39,51,25,7
Love Yourself,Justin Bieber,1,2015,11,9,22730,5,2123309722,289,87,"2,430",0,36,100,E,Major,61,53,38,84,0,28,44
Blessed-Cursed,ENHYPEN,1,2022,1,10,246,0,77337771,2,12,10,0,0,127,E,Minor,60,40,89,9,0,60,6
Labyrinth,Taylor Swift,1,2022,10,21,1597,0,187339835,6,3,15,0,0,110,,Major,48,15,31,80,22,12,4
Lost,Frank Ocean,1,2012,1,1,29499,11,822239726,124,27,587,0,4,123,A#,Minor,91,49,61,3,0,17,22
Bussin,"Nicki Minaj, Lil Baby",2,2022,2,11,847,0,64714573,25,0,14,0,0,140,B,Major,89,75,70,6,0,13,5
Notion,The Rare Occasions,1,2016,8,5,2393,0,421135627,22,13,65,0,6,160,A,Major,31,30,88,7,0,8,8
Last Last,Burna Boy,1,2022,5,12,4526,12,293466523,156,275,150,3,128,88,D#,Minor,80,55,56,13,0,8,9
Broke Boys,"Drake, 21 Savage",2,2022,11,4,1060,0,106249219,3,8,5,0,0,120,D,Major,64,11,53,1,0,25,27
I AM WOMAN,Emmy Meli,1,2021,11,18,2795,0,225259194,45,0,107,0,0,170,A#,Major,65,46,47,12,0,13,16
TO THE MOON,Jnr Choi,1,2021,11,5,2979,0,245095641,44,0,159,0,0,144,D,Major,74,39,65,5,1,11,35
Crazy What Love Can Do,"David Guetta, Ella Henderson, Becky Hill",3,2022,3,18,5290,0,286739476,139,73,142,0,5,123,E,Minor,60,46,71,3,0,16,4
JGL,"Luis R Conriquez, La Adictiva",2,2022,2,18,782,9,323455692,15,33,6,1,0,113,G#,Major,70,97,59,55,0,27,12
Search & Rescue,Drake,1,2023,4,7,2066,6,175097833,58,70,43,0,182,142,A#,Minor,82,54,44,6,0,33,7
Muï¿½ï¿½,"Steve Aoki, Tini, La Joaqui",3,2023,1,12,658,6,120972253,33,7,53,2,0,90,A#,Minor,68,83,71,3,0,31,8
Dawn FM,The Weeknd,1,2022,1,7,811,0,53933526,1,8,6,0,0,78,A,Minor,27,10,49,62,0,49,5
We Found Love,"Rihanna, Calvin Harris",2,2011,1,1,36843,21,1235005533,321,91,"4,607",1,58,128,C#,Major,73,60,77,3,0,11,4
Need To Know,Doja Cat,1,2021,6,11,6672,0,1042568408,125,36,150,0,,130,C#,Major,66,19,61,30,0,9,7
Mother I Sober (feat. Beth Gibbons of Portishead),"Kendrick Lamar, Beth Gibbons",2,2022,5,13,1890,0,33381454,3,0,2,0,0,140,G#,Minor,49,50,37,87,0,11,35
Mistletoe,Justin Bieber,1,2011,1,1,9577,0,629173063,195,111,310,0,0,162,F#,Minor,67,88,54,51,0,9,4
Tarot,"Bad Bunny, Jhay Cortez",2,2022,5,6,2482,20,608228647,27,77,22,2,0,114,B,Minor,80,42,68,2,0,66,4
My Only Wish (This Year),Britney Spears,1,2000,11,7,6952,0,261116938,115,53,286,0,0,147,,Major,67,69,72,17,0,19,3
Numb,Linkin Park,1,2003,3,24,20111,5,1361425037,39,0,"7,341",0,0,110,A,Major,50,24,86,0,0,64,4
Yo Voy (feat. Daddy Yankee),Zion & Lennox,1,2004,5,4,2954,2,527033089,18,82,0,0,5,95,A#,Major,81,56,70,4,0,5,24
golden hour,JVKE,1,2022,7,15,4511,36,751134527,70,58,109,18,230,94,C#,Minor,51,14,59,65,18,25,3
Medallo,"Justin Quiles, Lenny Tavï¿½ï¿½rez, BL",3,2021,10,27,2780,2,393230256,54,21,57,1,0,90,E,Minor,79,79,70,57,0,66,8
Barbie World (with Aqua) [From Barbie The Album],"Nicki Minaj, Aqua, Ice Spice",3,2023,6,23,1117,80,65156199,82,145,65,16,"1,133",144,,Major,77,75,58,52,0,23,25
My Mind & Me,Selena Gomez,1,2022,11,3,953,0,91473363,61,13,37,1,0,144,A,Major,60,24,39,57,0,8,3
I Really Want to Stay at Your House,"Rosa Walton, Hallie Coggins",2,2020,12,18,668,1,140430339,0,0,31,0,,125,D#,Minor,49,13,74,0,0,9,4
Thunder,"Prezioso, Gabry Ponte, LUM!X",3,2021,5,7,4846,10,422691058,54,16,259,0,13,101,C#,Major,67,40,90,3,0,34,6
GIVENCHY,Duki,1,2022,7,20,625,4,185236961,13,18,12,0,0,103,G#,Major,61,38,62,14,0,23,40
Cartï¿½ï¿½o B,"MC Caverinha, KayBlack",2,2023,5,11,269,4,71573339,7,2,30,1,11,108,A,Minor,84,55,47,26,0,20,64
Shorty Party,"Cartel De Santa, La Kelly",2,2023,3,4,432,12,162887075,8,14,12,2,33,96,D,Major,93,47,47,33,0,10,36
SNAP,Rosa Linn,1,2022,3,19,1818,0,711366595,3,0,63,0,353,170,,Major,56,52,64,11,0,45,7
PLAYA DEL INGLï¿½,"Myke Towers, Quevedo",2,2022,12,15,1701,15,221409663,30,15,34,2,47,113,G,Minor,79,66,74,8,0,11,5
Mount Everest,Labrinth,1,2019,6,21,5443,0,467727006,45,1,80,0,12,89,,Minor,46,43,43,23,8,8,22
The Real Slim Shady,Eminem,1,2000,1,1,20763,27,1424589568,81,53,"3,271",1,17,104,F,Minor,95,78,66,3,0,4,6
LOVE DIVE,IVE,1,2022,4,5,753,8,305771063,28,124,13,0,1,118,C#,Minor,70,54,71,0,0,33,4
WORTH NOTHING,"Twisted, Oliver Tree",2,2022,9,28,1612,0,213438580,34,54,34,0,2,140,D,Minor,58,17,62,18,0,20,8
Talking To The Moon,Bruno Mars,1,2010,10,4,7109,2,1062956628,5,0,862,0,0,146,C#,Minor,52,7,61,51,0,11,3
LUNA,"Junior H, Peso Pluma",2,2023,6,22,201,11,55842345,19,117,8,1,74,128,A,Minor,75,79,63,33,0,15,4
Hype Boy,NewJeans,1,2022,8,1,892,17,363472647,20,119,12,2,7,100,E,Minor,59,78,94,27,0,29,23
Lo Siento BB:/ (with Bad Bunny & Julieta Venegas),"Julieta Venegas, Bad Bunny, Tainy",3,2021,10,5,3423,26,775542072,61,65,53,6,0,170,E,Minor,64,14,70,9,0,9,8
Call Out My Name,The Weeknd,1,2018,3,29,11087,6,1449799467,151,107,801,1,105,134,C#,Major,45,17,60,21,0,33,4
"Apna Bana Le (From ""Bhediya"")","Arijit Singh, Sachin-Jigar",2,2022,11,5,86,0,139836056,11,101,0,0,48,94,A,Major,59,44,56,80,0,6,3
Siempre Pendientes,"Peso Pluma, Luis R Conriquez",2,2022,8,15,685,5,295152154,15,79,4,2,0,136,,Major,77,71,75,33,1,13,4
Save Your Tears (with Ariana Grande) (Remix),"Ariana Grande, The Weeknd",2,2020,3,20,9161,5,1221813483,240,98,468,3,10,118,,Major,65,63,79,3,0,10,3
Deck The Hall - Remastered 1999,Nat King Cole,1,1959,1,1,3299,0,127027715,65,39,41,0,0,107,F#,Minor,69,96,36,81,0,8,4
Tï¿½ï¿,"dennis, MC Kevin o Chris",2,2023,5,4,731,15,111947664,27,17,73,4,167,130,B,Major,86,59,96,50,1,9,5
Lost in the Fire,"The Weeknd, Gesaffelstein",2,2019,1,11,7731,2,686734357,110,145,447,0,46,101,D,Major,66,18,68,9,0,12,4
"Stay With Me (with Justin Timberlake, Halsey, & Pharrell)","Calvin Harris, Halsey, Pharrell Williams, Justin Timberlake",4,2022,7,15,3113,0,123473120,54,6,124,1,0,126,A,Major,81,90,73,28,0,29,4
Friday (feat. Mufasa & Hypeman) - Dopamine Re-Edit,"Riton, Nightcrawlers, Mufasa & Hypeman, Dopamine",4,2021,1,15,12043,0,863756573,209,54,710,0,18,123,D,Major,82,80,86,1,0,30,13
En Paris,"El Chachito, Junior H",2,2022,12,24,406,5,198275403,3,31,2,1,0,139,D#,Minor,70,77,48,37,0,12,5
Photograph,Ed Sheeran,1,2014,6,20,18778,3,2236667932,228,105,"2,453",0,84,108,E,Major,61,20,38,61,0,10,5
Static,Steve Lacy,1,2022,7,15,1613,0,202452860,21,15,13,0,0,79,C#,Major,34,22,31,43,63,10,7
Karma,Taylor Swift,1,2022,10,21,3818,23,404562836,37,55,32,0,272,90,G#,Major,64,10,62,7,0,48,7
DANï¿½ï¿½A,"Mc Pedrinho, Pedro Sampaio",2,2022,2,1,911,2,208166039,45,0,99,1,1,135,A,Minor,78,55,57,4,0,10,8
Caile,Luar La L,1,2020,12,18,1494,2,273914335,17,12,15,0,0,122,,Major,70,46,76,30,0,9,45
Antes de Perderte,Duki,1,2022,6,2,584,8,157136970,12,1,8,0,1,110,F,Minor,81,61,93,49,0,12,11
Open Arms (feat. Travis Scott),"SZA, Travis Scott",2,2022,12,8,1420,4,155653938,13,87,17,0,46,78,A,Major,67,22,59,76,1,15,16
Far,SZA,1,2022,12,9,680,0,51641685,2,15,1,0,0,116,D,Major,61,48,55,67,0,16,8
The Nights,Avicii,1,2014,1,1,17354,8,1456081449,92,122,"1,282",0,55,126,F#,Major,53,66,85,2,0,24,4
Money Trees,"Kendrick Lamar, Jay Rock",2,2012,1,1,26792,32,1093605526,69,113,695,0,458,144,E,Minor,74,37,53,7,0,21,10
Bound 2,Kanye West,1,2013,1,1,19806,7,703301727,33,11,274,0,0,149,C#,Major,37,28,66,14,0,9,5
ýýýabcdefu,Gayle,1,2021,8,13,7215,0,1007612429,170,12,575,18,,122,E,Major,70,42,54,30,0,37,5
Brividi,"Mahmood, Blanco",2,2022,2,2,1175,0,135079152,34,1,31,0,0,123,G,Major,52,44,60,40,0,26,3
Run Rudolph Run - Single Version,Chuck Berry,1,1958,1,1,8612,0,245350949,120,30,52,0,1,152,G,Minor,69,94,71,79,0,7,8
Area Codes,"Kaliii, Kaliii",2,2023,3,17,1197,13,113509496,44,34,25,1,171,155,C#,Major,82,51,39,2,0,9,49
Massive,Drake,1,2022,6,17,5263,0,195628667,66,89,61,0,11,125,E,Minor,51,5,68,12,2,15,6
Neverita,Bad Bunny,1,2022,5,6,2590,30,671365962,20,64,35,6,0,122,A#,Major,88,43,50,7,0,14,5
Right On,Lil Baby,1,2022,4,8,1116,0,101780047,31,9,15,0,1,166,D,Major,70,22,61,2,0,10,34
Peru,"Ed Sheeran, Fireboy DML",2,2021,12,23,2999,0,261286503,60,17,154,0,22,108,G,Minor,96,71,42,57,0,8,9
Fuera del mercado,Danny Ocean,1,2022,2,17,2499,21,421365166,68,24,43,1,0,92,G#,Major,45,27,67,32,0,13,14
Sobrio,Maluma,1,2021,7,8,3506,10,513643924,103,76,100,1,1,178,F,Major,76,63,77,14,0,15,22
"Tere Vaaste (From ""Zara Hatke Zara Bachke"")","Sachin-Jigar, Shadab Faridi, Altamash Faridi, Amitabh Bhattacharya, Varun Jain",5,2023,5,22,182,8,54225632,3,88,1,0,52,110,G,Minor,76,96,72,32,0,9,4
Murder In My Mind,Kordhell,1,2022,1,21,2459,20,448843705,20,68,50,0,22,120,A#,Major,71,57,97,1,0,13,11
Heart To Heart,Mac DeMarco,1,2019,5,10,1640,0,244658767,27,27,29,1,1,150,G#,Minor,90,64,14,67,35,11,10
One Thing At A Time,Morgan Wallen,1,2022,12,2,811,4,148469433,11,58,5,0,21,142,G,Major,61,92,91,0,0,26,3
Thinking with My Dick,"Kevin Gates, Juicy J",2,2013,7,16,1550,0,109091573,0,0,14,0,0,81,,Major,77,68,70,6,0,17,20
Titi Me Preguntï¿,Bad Bunny,1,2022,5,6,9037,42,1264310836,124,133,139,14,166,107,F,Minor,65,19,72,10,0,13,25
Mon Amour - Remix,"Aitana, zzoilo",2,2020,9,21,3221,2,578207856,67,13,139,0,40,116,D,Major,75,36,76,12,0,10,10
Ghost,Justin Bieber,1,2021,3,19,5866,24,1167330737,107,38,95,0,,154,D,Major,61,41,74,21,0,40,6
Good Looking,Suki Waterhouse,1,2017,10,20,2264,0,184706613,11,6,25,0,1,150,E,Major,37,27,56,8,0,13,3
Enemy (with JID) - from the series Arcane League of Legends,"Imagine Dragons, League of Legends, JID, Arcane",4,2021,9,3,6180,7,1223481149,122,88,580,21,10,77,B,Minor,72,59,76,24,0,42,28
VOID,Melanie Martinez,1,2023,3,29,596,0,67070410,29,9,12,0,52,100,A,Major,72,42,66,18,4,19,4
Yandel 150,"Yandel, Feid",2,2022,12,20,3618,38,585695368,47,74,80,14,194,168,F#,Minor,78,58,73,5,0,10,7
"Here We Goï¿½ï¿½ï¿½ Again (feat. Tyler, the Cr","The Weeknd, Tyler, The Creator",3,2022,1,7,1420,0,88103848,7,18,7,0,0,135,C#,Major,41,27,64,36,0,60,3
Mejor Que Yo,"Mambo Kingz, DJ Luian, Anuel Aa",3,2023,5,4,675,1,50847624,9,13,11,0,1,178,C#,Minor,62,56,66,18,0,12,5
Eyes Closed,Ed Sheeran,1,2023,3,23,2915,30,195576623,116,69,107,3,675,107,D,Major,78,39,53,30,0,11,6
Karma (feat. Ice Spice),"Taylor Swift, Ice Spice",2,2023,5,26,588,0,46142772,23,21,31,0,0,90,G#,Major,62,7,62,6,0,58,6
this is what falling in love feels like,JVKE,1,2021,9,3,2005,0,346127840,16,5,43,0,7,129,B,Major,42,33,44,62,0,8,6
traitor,"Juan Cruz Toledo, Huilen Toledo",2,2021,5,21,5257,6,1230855859,85,43,134,0,,176,D#,Major,29,12,33,68,0,12,5
Stefania (Kalush Orchestra),KALUSH,1,2022,3,10,555,0,53729194,10,4,4,0,0,105,D,Major,83,32,82,14,0,12,4
Yellow,Chris Molitor,1,1999,1,1,31358,43,1755214421,196,2,"4,053",5,0,173,B,Major,43,28,66,0,0,23,3
Novo Balanï¿½,"Veigh, Bvga Beatz, Supernova Ent, Prod Malax",4,2023,5,19,283,7,81102253,6,9,26,1,66,124,D#,Minor,84,65,50,67,0,13,6
Matilda,Harry Styles,1,2022,5,20,3218,3,366214458,29,10,79,0,0,114,D,Major,51,39,29,90,0,10,4
Angel Baby,Troye Sivan,1,2021,9,9,1959,9,408843328,52,25,32,0,10,145,B,Major,56,41,57,1,0,13,3
HAPPY,NF,1,2023,3,25,660,0,52722996,22,7,11,0,78,106,G,Major,73,22,86,31,0,12,4
Streets,Doja Cat,1,2019,11,7,5728,0,865640097,85,87,179,0,12,90,B,Major,75,19,46,21,4,34,8
Mal Feito - Ao Vivo,"Marï¿½ï¿½lia Mendonï¿½ï¿½a, Hugo & G",2,2022,1,14,971,2,291709698,35,104,93,1,0,124,,Minor,73,68,83,55,0,90,7
Still Life,BIGBANG,1,2022,4,5,181,0,53909146,16,14,7,0,0,118,G#,Major,68,24,58,44,0,6,3
With you,"HA SUNG WOON, Jimin",2,2022,4,24,343,2,240580042,4,35,11,1,1,150,D#,Major,53,14,43,64,0,13,3
Igualito a Mi Apï¿,"Fuerza Regida, Peso Pluma",2,2022,12,30,265,6,158950978,8,84,5,1,4,145,E,Minor,76,80,81,19,0,6,9
TRUSTFALL,P!nk,1,2023,1,27,2098,16,134255790,88,24,101,7,451,122,G#,Major,64,25,89,0,0,15,9
Die For You - Remix,"Ariana Grande, The Weeknd",2,2023,2,24,3408,47,518745108,87,86,74,1,16,67,C#,Minor,53,50,53,23,0,44,7
Seï¿½ï¿½o,"Shawn Mendes, Camila Cabello",2,2019,6,19,15010,2,2484812918,453,50,"1,785",1,8,117,A,Minor,76,77,52,4,0,8,3
THE SHADE,Rex Orange County,1,2022,3,11,1189,6,244928911,17,10,16,0,4,120,F,Major,90,73,51,39,0,9,6
CUFF IT,Beyoncï¿,1,2022,7,29,7842,10,595900742,215,88,330,26,23,115,G,Major,78,64,69,4,0,7,14
295,Sidhu Moose Wala,1,2021,5,15,246,4,183273246,4,106,0,0,7,90,B,Minor,68,54,76,21,0,11,20
Agosto,Bad Bunny,1,2022,5,6,897,0,246127838,6,20,8,0,0,115,C#,Minor,85,72,58,9,0,49,12
Leï¿½,Marï¿½ï¿½lia Mendo,1,2022,12,9,993,4,267789608,30,84,88,1,28,130,F#,Major,74,79,87,45,0,30,3
The Great War,Taylor Swift,1,2022,10,21,1274,0,181382590,1,6,11,0,0,96,F,Major,57,55,74,22,0,8,4
Ensï¿½ï¿½ï¿½ï¿½ame ,Bad Bunny,1,2022,5,6,1112,3,279737940,7,25,12,0,0,105,G#,Major,81,77,79,19,0,47,8
Volvï¿,"Aventura, Bad Bunny",2,2021,8,3,5375,10,673801126,138,24,133,0,1,176,C#,Major,73,79,86,42,0,7,18
Anti-Hero,Taylor Swift,1,2022,10,21,9082,56,999748277,242,142,165,9,310,97,E,Major,64,51,63,12,0,19,5
TULUM,"Peso Pluma, Grupo Frontera",2,2023,6,28,266,34,52294266,20,185,13,8,197,168,F#,Major,56,63,87,39,0,11,5
DARARI,Treasure,1,2022,2,15,328,0,182978249,10,21,7,0,9,85,,Major,72,55,64,49,0,7,4
People Pt.2 (feat. IU),"IU, Agust D",2,2023,4,7,209,4,95816024,4,45,11,2,24,89,G,Minor,73,44,57,39,0,32,6
Take My Breath,The Weeknd,1,2021,8,6,6392,0,432702334,174,73,344,0,0,121,G#,Major,75,53,74,2,0,11,5
Malas Decisiones,Kenia OS,1,2022,10,26,542,2,156214700,23,2,21,0,0,110,G#,Minor,81,64,79,5,0,31,3
Softcore,The Neighbourhood,1,2018,3,9,3947,12,599770206,33,102,93,0,30,94,D,Major,57,36,58,5,0,15,3
Lï¿½ï¿½ï¿,Stromae,1,2022,1,9,2035,0,108809090,41,122,394,0,2,88,D,Minor,56,58,55,35,0,23,11
Set Fire to the Rain,Adele,1,2011,1,1,14739,43,1163620694,88,112,"2,163",5,519,108,D,Minor,61,47,68,0,0,13,3
Unholy (feat. Kim Petras),"Sam Smith, Kim Petras",2,2022,9,22,8576,42,1230675890,216,108,331,26,154,131,D,Major,71,24,47,1,0,27,9
OUT OUT (feat. Charli XCX & Saweetie),"Charli XCX, Jax Jones, Joel Corry, Saweetie",4,2021,8,13,6890,0,427486004,122,11,201,0,1,124,G#,Minor,79,79,84,2,0,5,5
Baile no Morro,"Mc Vitin Da Igrejinha, MC Tairon, DJ Win",3,2022,6,10,685,2,129314708,17,0,24,0,30,130,D#,Minor,71,78,40,46,0,7,45
Novidade na ï¿½ï¿,"Mc Livinho, DJ Matt D",2,2023,6,23,267,9,39709092,9,6,25,2,72,130,F,Major,63,36,34,76,0,35,9
"Villano Antillano: Bzrp Music Sessions, Vol. 51","Bizarrap, Villano Antillano",2,2022,6,8,1401,0,248511839,26,16,17,0,1,128,C#,Minor,82,42,75,6,0,63,6
Zona De Perigo,Leo Santana,1,2022,12,8,531,4,134294498,20,1,71,2,0,135,F,Major,81,97,77,75,0,35,3
The Scientist,Coldplay,1,2002,8,5,30992,6,1608164312,124,25,"7,827",1,0,146,F,Major,56,21,44,73,0,11,2
positions,Ariana Grande,1,2020,10,23,8207,0,1252563873,175,55,95,0,2,144,,Major,73,66,80,44,0,9,12
vampire,Olivia Rodrigo,1,2023,6,30,1397,113,140003974,94,207,91,14,949,138,F,Major,51,32,53,17,0,31,6
Too Many Nights (feat. Don Toliver & with Future),"Future, Metro Boomin, Don Toliver",3,2022,12,2,2110,58,286400165,17,119,19,2,266,88,G,Minor,68,17,71,15,0,11,5
We Don't Talk About Bruno,"Adassa, Mauro Castillo, Stephanie Beatriz, Encanto - Cast, Rhenzy Feliz, Diane Guerrero, Carolina Gaitan",7,2021,11,19,2785,0,432719968,95,89,44,0,,206,,Minor,58,83,45,36,0,11,8
Bad Habits,Ed Sheeran,1,2020,9,3,12755,8,1555511105,344,97,945,15,,126,B,Minor,81,59,90,5,0,36,3
Grapejuice,Harry Styles,1,2022,5,20,1986,0,199587884,7,1,15,0,0,183,F,Major,65,88,72,36,14,20,3
Self Love (Spider-Man: Across the Spider-Verse) (Metro Boomin & Coi Leray),"Metro Boomin, Coi Leray",2,2023,6,2,332,5,70106975,18,41,5,0,19,120,A,Major,78,5,30,21,0,13,5
Sprinter,"Dave, Central Cee",2,2023,6,1,2186,91,183706234,67,213,88,17,946,141,C#,Major,92,66,58,19,0,8,24
Another Love,Tom Odell,1,2012,10,15,18371,83,1813673666,250,122,"3,394",19,,123,E,Minor,45,13,54,70,0,9,4
Shut Down,BLACKPINK,1,2022,9,16,1524,17,482175240,53,120,62,0,2,110,,Major,82,67,69,0,0,18,4
For Youth,BTS,1,2022,6,10,327,0,114546317,5,40,12,0,0,117,D,Major,63,29,51,43,0,25,4
I Like You (A Happier Song) (with Doja Cat),"Post Malone, Doja Cat",2,2022,6,3,5281,14,609293408,94,21,80,15,38,101,F,Major,74,43,69,12,0,12,7
Ya No Somos Ni Seremos,Christian Nodal,1,2022,2,18,866,16,319757142,27,84,32,7,11,140,G,Major,59,73,45,44,0,34,3
Snooze,SZA,1,2022,12,9,2839,25,399686758,58,156,42,1,236,143,F,Major,56,39,55,14,0,11,13
LA FAMA (with The Weeknd),"The Weeknd, ROSALï¿½",2,2021,11,11,4640,3,374706940,81,93,507,6,4,136,,Minor,77,82,30,95,0,13,5
The Rumbling (TV Size),SiM,1,2022,1,10,254,0,71014967,0,4,23,0,0,145,G#,Major,41,65,88,0,0,26,5
MIENTRAS ME CURO DEL CORA,Karol G,1,2023,2,24,1020,35,206399629,15,26,30,6,0,80,,Major,52,57,48,86,0,15,39
Pope Is a Rockstar,SALES,1,2016,4,20,1966,0,156658366,4,2,50,0,0,90,E,Minor,73,31,45,85,24,11,3
XQ Te Pones Asï¿,"Yandel, Feid",2,2022,9,13,308,0,47093942,6,1,6,0,0,92,A#,Major,81,48,70,13,0,15,7
Flowers,Lauren Spencer Smith,1,2021,8,9,801,0,184826429,42,9,24,1,1,138,D#,Major,70,31,44,84,0,9,39
CAIRO,"Karol G, Ovy On The Drums",2,2022,11,13,2418,26,294352144,52,66,55,1,16,115,F,Minor,95,43,69,47,0,9,31
Run BTS,BTS,1,2022,6,10,736,0,330881149,5,132,17,0,3,77,G#,Major,72,70,82,2,0,4,17
SABOR FRESA,Fuerza Regida,1,2023,6,22,250,26,78300654,16,149,10,5,168,130,G,Minor,79,96,86,9,0,9,9
STAY (with Justin Bieber),"Justin Bieber, The Kid Laroi",2,2021,7,9,17050,36,2665343922,492,99,798,31,0,170,C#,Major,59,48,76,4,0,10,5
un x100to,"Bad Bunny, Grupo Frontera",2,2023,4,17,2876,40,505671438,41,205,54,12,251,83,F#,Minor,57,56,72,23,0,27,5
Plan A,Paulo Londra,1,2022,3,23,1105,0,240661097,32,0,19,0,0,174,,Major,58,56,83,5,0,7,4
good 4 u,Olivia Rodrigo,1,2021,5,14,15563,6,1887039593,259,55,461,1,,166,F#,Minor,56,68,66,28,0,11,18
Sial,Mahalini,1,2023,1,23,134,4,166570053,4,6,0,0,23,120,D,Major,56,20,43,89,0,12,4
La Santa,"Daddy Yankee, Bad Bunny",2,2020,2,29,4890,20,759208783,52,42,100,0,0,93,C#,Major,74,59,87,3,0,8,5
Kiss Me More (feat. SZA),"SZA, Doja Cat",2,2021,4,9,15867,0,1575467011,382,65,497,0,12,111,G#,Major,77,74,66,30,0,13,3
B.O.T.A. (Baddest Of Them All) - Edit,"Interplanetary Criminal, Eliza Rose",2,2022,6,15,5153,6,244585109,102,53,113,12,0,137,,Major,74,71,89,24,61,15,5
VAGABUNDO,"Sebastian Yatra, Manuel Turizo, Beï¿½ï",3,2023,5,12,1094,34,90839753,40,58,47,8,203,127,B,Minor,82,89,85,4,0,23,6
Peaches (from The Super Mario Bros. Movie),Jack Black,1,2023,4,7,34,0,68216992,0,0,0,0,0,92,A#,Minor,71,41,31,79,0,10,5
Afraid To Feel,LF System,1,2022,5,2,5898,5,244790012,129,55,128,0,101,128,C#,Major,58,68,91,2,0,27,11
Dance The Night (From Barbie The Album),Dua Lipa,1,2023,5,25,2988,101,127408954,0,0,143,38,0,110,B,Minor,67,78,85,2,0,33,5
Blinding Lights,The Weeknd,1,2019,11,29,43899,69,3703895074,672,199,"3,421",20,,171,C#,Major,50,38,80,0,0,9,7
GATï¿½ï¿½,"Maldy, Karol G",2,2022,8,25,3328,13,322336177,39,50,57,3,1,93,B,Minor,63,34,86,26,0,21,39
Marisola - Remix,"Duki, NICKI NICOLE, Cris Mj, Standly, Stars Music Chile",5,2022,12,15,1845,16,223582566,20,8,30,2,0,95,C#,Major,77,72,87,17,0,7,5
family ties (with Kendrick Lamar),"Kendrick Lamar, Baby Keem",2,2021,8,27,6308,5,560222750,114,15,63,0,2,134,C#,Major,71,14,61,1,0,23,33
Watch This - ARIZONATEARS Pluggnb Remix,"sped up nightcore, ARIZONATEARS, Lil Uzi Vert",3,2023,2,5,1638,10,207033255,0,0,21,0,0,130,B,Minor,69,36,90,1,10,15,4
Es un Secreto,Plan B,1,2010,7,20,492,36,540654286,4,3,19,0,0,95,F#,Minor,84,52,77,12,0,7,4
Thinking Out Loud,Ed Sheeran,1,2014,1,1,33032,0,2280566092,363,129,"3,895",0,28,79,D,Major,78,58,45,47,0,18,3
Until I Found You (with Em Beihold) - Em Beihold Version,"Em Beihold, Stephen Sanchez",2,2022,4,22,2790,30,600976848,60,96,71,0,115,101,A#,Major,34,32,57,78,0,20,3
Lose Yourself - Soundtrack Version,Eminem,1,2002,1,1,32502,21,1829992958,247,54,"5,567",1,51,171,D,Major,70,6,73,1,0,36,26
Running Up That Hill (A Deal With God),Kate Bush,1,1985,9,16,21811,0,1024858327,117,1,676,3,0,108,A#,Minor,63,20,55,72,0,6,6
Get Into It (Yuh),Doja Cat,1,2021,6,25,4999,0,516784627,43,19,73,12,0,92,G#,Minor,91,79,66,32,0,9,16
La Bebe,Yng Lvcas,1,2021,12,24,489,17,191945597,4,11,5,1,2,170,D,Minor,78,75,46,62,0,12,35
Little Freak,Harry Styles,1,2022,5,20,2302,0,273194684,20,3,39,0,0,142,D#,Major,56,40,54,72,0,10,4
Efecto,Bad Bunny,1,2022,5,6,4004,33,1047480053,34,65,43,6,2,98,G,Minor,80,23,48,14,0,6,5
X SI VOLVEMOS,"Karol G, Romeo Santos",2,2023,2,2,2127,33,266624541,45,80,53,8,4,178,C#,Minor,79,58,78,34,0,11,25
"Phir Aur Kya Chahiye (From ""Zara Hatke Zara Bachke"")","Arijit Singh, Sachin-Jigar, Amitabha Bhattacharya",3,2023,5,15,178,6,64533040,6,71,1,0,31,100,E,Major,56,53,55,53,0,12,4
Obsessed,"Abhijay Sharma, Riar Saab",2,2022,9,29,161,6,71007139,10,79,2,0,42,135,F,Minor,80,85,74,62,0,8,9
Until I Found You,Stephen Sanchez,1,2021,9,1,4427,4,726434358,69,100,154,20,438,202,A#,Major,34,25,51,69,0,18,4
The Family Madrigal,"Olga Merediz, Stephanie Beatriz, Encanto - Cast",3,2021,11,19,1150,0,184937148,20,38,12,0,0,141,C#,Major,59,56,63,12,0,6,36
Alien Blues,Vundabar,1,2015,7,24,1930,0,370068639,3,0,28,0,1,82,D#,Major,47,44,76,8,91,9,3
Agudo Mï¿½ï¿½gi,"Styrx, utku INC, Thezth",3,1930,1,1,323,0,90598517,4,0,14,0,0,130,F#,Minor,65,49,80,22,4,7,5
Numb Little Bug,Em Beihold,1,2022,1,28,2026,0,258714692,47,3,42,12,6,85,G#,Minor,74,61,52,30,0,26,9
Normal,Feid,1,2022,7,8,2461,36,459276435,47,66,45,5,6,170,E,Minor,71,59,56,4,0,27,12
Lady Mi Amor,Feid,1,2022,9,13,330,0,53987404,3,0,2,0,0,93,D,Major,78,75,62,6,0,15,6
Oh My God,Adele,1,2021,11,19,4431,0,466214729,105,7,199,0,0,88,C#,Major,53,55,73,9,0,3,5
"Nobody Like U - From ""Turning Red""","Jordan Fisher, Josh Levi, Finneas O'Connell, 4*TOWN (From Disney and Pixarï¿½ï¿½ï¿½s Turning Red), Topher Ngo, Grayson Vill",6,2022,2,25,918,0,120847157,34,39,30,0,0,105,A,Minor,91,73,72,13,0,9,15
Let It Snow! Let It Snow! Let It Snow!,Dean Martin,1,1959,11,16,6512,0,446390129,88,1,277,0,0,134,C#,Major,45,72,24,91,0,18,4
PERO Tï¿,"Karol G, Quevedo",2,2023,2,23,387,11,93438910,11,15,14,3,1,140,F#,Major,86,68,79,39,0,11,29
Purple Hearts,"Kendrick Lamar, Ghostface Killah, Summer Walker",3,2022,5,13,2308,0,76831876,7,0,7,0,0,138,D#,Minor,57,71,82,19,0,15,29
Die For You,Joji,1,2022,11,4,1703,0,246390068,38,45,36,16,0,148,G#,Major,47,15,52,38,13,29,5
Good Days,SZA,1,2020,12,24,10426,2,826623384,133,109,182,1,10,121,C#,Minor,46,53,78,23,0,72,6
En La De Ella,"Feid, Sech, Jhayco",3,2022,10,20,1320,0,133895612,29,26,17,0,0,97,C#,Major,82,67,77,8,0,12,5
Columbia,Quevedo,1,2023,7,7,714,43,58149378,25,89,30,13,194,100,F,Major,67,26,71,37,0,11,4
Un Finde | CROSSOVER #2,"Big One, FMK, Ke personajes",3,2023,4,4,561,14,142095275,4,14,12,5,56,192,B,Major,50,85,52,11,0,28,6
Sugar Rush Ride,TOMORROW X TOGETHER,1,2023,1,27,359,0,107642809,12,56,13,0,13,125,A#,Minor,71,83,89,1,0,17,9
KICK BACK,Kenshi Yonezu,1,2022,10,12,574,4,210038833,38,101,26,0,0,102,C#,Major,58,29,94,0,0,9,11
Thought You Should Know,Morgan Wallen,1,2022,5,6,968,4,203221468,16,53,1,0,61,140,F#,Major,53,51,70,49,0,14,3
Prohibidox,Feid,1,2022,9,13,1473,12,185392587,25,36,25,1,0,180,C#,Minor,65,52,80,5,0,6,25
Donï¿½ï¿½ï¿½t Break My,The Weeknd,1,2022,1,7,1184,0,63803529,1,5,6,0,0,122,A#,Major,77,25,62,34,0,23,3
Dark Red,Steve Lacy,1,2017,2,20,10431,7,920045682,71,53,181,0,10,172,F#,Major,60,77,78,45,0,12,6
Todo De Ti,Rauw Alejandro,1,2020,11,2,11975,8,1168642797,188,75,268,6,16,128,D#,Minor,81,57,63,40,1,10,4
Mary On A Cross,Ghost,1,2019,9,13,2668,2,387080183,38,266,78,0,141,130,B,Major,47,56,90,0,0,10,4
After Hours,The Weeknd,1,2020,2,19,8084,6,698086140,45,115,218,1,221,109,F,Minor,66,16,57,10,1,12,3
True Love,"Kanye West, XXXTENTACION",2,2022,5,27,2129,0,194902696,23,1,44,1,0,84,F,Minor,71,39,86,2,0,51,25
Un Verano Sin Ti,Bad Bunny,1,2022,5,6,1004,1,283332261,8,12,9,0,0,188,F,Minor,50,41,50,69,0,12,6
Special,SZA,1,2022,12,9,906,0,88092256,6,21,3,0,0,76,,Major,60,19,20,78,0,11,5
Master of Puppets (Remastered),Metallica,1,1986,3,3,6080,0,704171068,112,198,406,1,0,105,E,Minor,54,59,83,0,44,20,4
Pink Venom,BLACKPINK,1,2022,8,19,1963,16,551305895,57,119,77,1,13,90,,Major,80,71,69,2,0,27,10
Hummingbird (Metro Boomin & James Blake),"James Blake, Metro Boomin",2,2023,6,2,277,1,39666245,1,20,5,0,1,81,F#,Major,59,26,60,46,1,25,13
